{
    "loss": 2.7664902210235596,
    "accuracy": 0.8706896305084229
}